{"cameraMode":{"drawMode":0,"name":"Shaded","section":"Shading Mode"},"sceneLighting":false,"audioPlay":false,"sceneViewState":{"m_AlwaysRefresh":false,"showFog":true,"showSkybox":false,"showFlares":true,"showImageEffects":true,"showParticleSystems":true,"showVisualEffectGraphs":true,"m_FxEnabled":true},"in2DMode":false,"pivot":{"x":-5.0409417152404789,"y":10.08752727508545,"z":48.90840148925781},"rotation":{"x":0.002010385738685727,"y":-0.7422326803207398,"z":0.002226702170446515,"w":0.6701390743255615},"size":2.4241020679473879,"orthographic":true}