{"cameraMode":{"drawMode":0,"name":"Shaded","section":"Shading Mode"},"sceneLighting":true,"audioPlay":false,"sceneViewState":{"m_AlwaysRefresh":false,"showFog":true,"showSkybox":true,"showFlares":true,"showImageEffects":true,"showParticleSystems":true,"showVisualEffectGraphs":true,"m_FxEnabled":true},"in2DMode":false,"pivot":{"x":-21.366779327392579,"y":17.48563575744629,"z":13.874717712402344},"rotation":{"x":0.24611440300941468,"y":0.2937830984592438,"z":-0.07856292277574539,"w":0.9203145503997803},"size":0.5480144023895264,"orthographic":false}