{"cameraMode":{"drawMode":0,"name":"Shaded","section":"Shading Mode"},"sceneLighting":true,"audioPlay":false,"sceneViewState":{"m_AlwaysRefresh":false,"showFog":true,"showSkybox":true,"showFlares":true,"showImageEffects":true,"showParticleSystems":true,"showVisualEffectGraphs":true,"m_FxEnabled":true},"in2DMode":false,"pivot":{"x":0.8039247989654541,"y":-31.18572425842285,"z":27.888460159301759},"rotation":{"x":-0.3432519733905792,"y":0.010418059304356575,"z":-0.0038085314445197584,"w":-0.9391841292381287},"size":46.816715240478519,"orthographic":false}