{"cameraMode":{"drawMode":0,"name":"Shaded","section":"Shading Mode"},"sceneLighting":true,"audioPlay":false,"sceneViewState":{"m_AlwaysRefresh":false,"showFog":true,"showSkybox":true,"showFlares":true,"showImageEffects":true,"showParticleSystems":true,"showVisualEffectGraphs":true,"m_FxEnabled":true},"in2DMode":false,"pivot":{"x":-5.768359184265137,"y":2.2106494903564455,"z":-16.736488342285158},"rotation":{"x":-0.051933709532022479,"y":-0.44044429063796999,"z":0.025524692609906198,"w":-0.8959328532218933},"size":1.909319281578064,"orthographic":false}