{"cameraMode":{"drawMode":0,"name":"Shaded","section":"Shading Mode"},"sceneLighting":true,"audioPlay":false,"sceneViewState":{"m_AlwaysRefresh":false,"showFog":true,"showSkybox":true,"showFlares":true,"showImageEffects":true,"showParticleSystems":true,"showVisualEffectGraphs":true,"m_FxEnabled":true},"in2DMode":false,"pivot":{"x":0.2713528871536255,"y":12.215612411499024,"z":-16.925159454345704},"rotation":{"x":-0.2764873802661896,"y":0.08978082239627838,"z":-0.02595546282827854,"w":-0.9564763307571411},"size":16.259000778198243,"orthographic":false}