{"cameraMode":{"drawMode":0,"name":"Shaded","section":"Shading Mode"},"sceneLighting":true,"audioPlay":false,"sceneViewState":{"m_AlwaysRefresh":false,"showFog":true,"showSkybox":true,"showFlares":true,"showImageEffects":true,"showParticleSystems":true,"showVisualEffectGraphs":true,"m_FxEnabled":true},"in2DMode":false,"pivot":{"x":-6.923445224761963,"y":5.4342145919799809,"z":14.07353401184082},"rotation":{"x":0.00867674220353365,"y":0.26467087864875796,"z":-0.0023903632536530496,"w":0.9643168449401856},"size":2.0155160427093508,"orthographic":false}