{"cameraMode":{"drawMode":0,"name":"Shaded","section":"Shading Mode"},"sceneLighting":true,"audioPlay":false,"sceneViewState":{"m_AlwaysRefresh":false,"showFog":true,"showSkybox":true,"showFlares":true,"showImageEffects":true,"showParticleSystems":true,"showVisualEffectGraphs":true,"m_FxEnabled":true},"in2DMode":false,"pivot":{"x":149.37648010253907,"y":446.66143798828127,"z":-55.233642578125},"rotation":{"x":0.00007479140185751021,"y":0.9999508857727051,"z":-0.004499791190028191,"w":0.011687942780554295},"size":948.7975463867188,"orthographic":true}